[
    [
        {
            "image_id": 294912,
            "id": 499175,
            "caption": "The young person is swinging as a ball passes over the plate."
        },
        {
            "image_id": 294912,
            "id": 500954,
            "caption": "A young person swinging a baseball bat as a ball passes by."
        },
        {
            "image_id": 294912,
            "id": 504527,
            "caption": "A woman holding a baseball bat over a base."
        },
        {
            "image_id": 294912,
            "id": 504608,
            "caption": "a young baseball player swinging a bat at a ball"
        },
        {
            "image_id": 294912,
            "id": 505121,
            "caption": "A baseball player taking a swing at a ball"
        }
    ],
    [
        {
            "image_id": 294912,
            "id": 499175,
            "caption": "The young person is swinging as a ball passes over the plate."
        },
        {
            "image_id": 294912,
            "id": 500954,
            "caption": "A young person swinging a baseball bat as a ball passes by."
        },
        {
            "image_id": 294912,
            "id": 504527,
            "caption": "A woman holding a baseball bat over a base."
        },
        {
            "image_id": 294912,
            "id": 504608,
            "caption": "a young baseball player swinging a bat at a ball"
        },
        {
            "image_id": 294912,
            "id": 505121,
            "caption": "A baseball player taking a swing at a ball"
        }
    ],
    [
        {
            "image_id": 262148,
            "id": 284571,
            "caption": "The skateboarder is putting on a show using the picnic table as his stage."
        },
        {
            "image_id": 262148,
            "id": 286347,
            "caption": "A skateboarder pulling tricks on top of a picnic table."
        },
        {
            "image_id": 262148,
            "id": 286899,
            "caption": "A man riding on a skateboard on top of a table."
        },
        {
            "image_id": 262148,
            "id": 287571,
            "caption": "A skate boarder doing a trick on a picnic table."
        },
        {
            "image_id": 262148,
            "id": 288021,
            "caption": "A person is riding a skateboard on a picnic table with a crowd watching."
        }
    ],
    [
        {
            "image_id": 425989,
            "id": 365329,
            "caption": "A person jumping on a trampoline in the snow."
        },
        {
            "image_id": 425989,
            "id": 365476,
            "caption": "A young man snowboarding on a sunny day."
        },
        {
            "image_id": 425989,
            "id": 365590,
            "caption": "A man on a snowboard is jumping in the snow"
        },
        {
            "image_id": 425989,
            "id": 366592,
            "caption": "Action shot of a man jumping on a snowboard in the snow."
        },
        {
            "image_id": 425989,
            "id": 367348,
            "caption": "A person is snowboarding on a metal beam."
        }
    ],
    [
        {
            "image_id": 458756,
            "id": 740913,
            "caption": "A group of bananas on top of green apples in a bowl."
        },
        {
            "image_id": 458756,
            "id": 741429,
            "caption": "A bowl filled with yellow bananas and green apples."
        },
        {
            "image_id": 458756,
            "id": 741933,
            "caption": "a bowl with some fruit inside of it "
        },
        {
            "image_id": 458756,
            "id": 743250,
            "caption": "A fruit bowl sitting on a table with bananas and apples."
        },
        {
            "image_id": 458756,
            "id": 827272,
            "caption": "A bowl full of bananas and green apples."
        }
    ],
    [
        {
            "image_id": 229401,
            "id": 275099,
            "caption": "A white table topped with fruit and tools near two kids."
        },
        {
            "image_id": 229401,
            "id": 282005,
            "caption": "Two kids seated next to a table with a blender, banana and eggs "
        },
        {
            "image_id": 229401,
            "id": 282059,
            "caption": "Two kids play next to a table with a blender, eggs and bananas"
        },
        {
            "image_id": 229401,
            "id": 283697,
            "caption": "The children are getting ready to make something in the blender. "
        },
        {
            "image_id": 229401,
            "id": 285392,
            "caption": "Two young people are playing around near a blender and some bananas. "
        },
        {
            "image_id": 229401,
            "id": 287324,
            "caption": "A couple of kids at a table with a blender."
        }
    ],
    [
        {
            "image_id": 131099,
            "id": 691198,
            "caption": "this is a close up picture of a park bench"
        },
        {
            "image_id": 131099,
            "id": 691888,
            "caption": "A bench in a park with bare trees."
        },
        {
            "image_id": 131099,
            "id": 694390,
            "caption": "some benches sitting next to some bare trees"
        },
        {
            "image_id": 131099,
            "id": 697003,
            "caption": "A park bench with a bunch of barren trees and a street light."
        },
        {
            "image_id": 131099,
            "id": 698803,
            "caption": "a long wooden bench resting underneath a bare tree"
        }
    ],
    [
        {
            "image_id": 262180,
            "id": 590775,
            "caption": "a close up of a plate of food "
        },
        {
            "image_id": 262180,
            "id": 592164,
            "caption": "A chocolate, banana and caramel dessert on top  of a plate."
        },
        {
            "image_id": 262180,
            "id": 593232,
            "caption": "a  chocolate dessert with some bananas all cover in a sauce "
        },
        {
            "image_id": 262180,
            "id": 596922,
            "caption": "some food with sauce on it on a plate"
        },
        {
            "image_id": 262180,
            "id": 744105,
            "caption": "A white surface holds a brown sauce and a cake-like dessert, topped and surrounded by banana slices."
        }
    ],
    [
        {
            "image_id": 491558,
            "id": 687598,
            "caption": "A couple of kiwi halves and an apple sitting on a plate."
        },
        {
            "image_id": 491558,
            "id": 689047,
            "caption": "there is a kiwi and a apple on the plate"
        },
        {
            "image_id": 491558,
            "id": 692764,
            "caption": "A plate holds a kiwi, an apple, and a spoon."
        },
        {
            "image_id": 491558,
            "id": 695278,
            "caption": "this is fruit on a plate with a spoon"
        },
        {
            "image_id": 491558,
            "id": 695710,
            "caption": "A plate that has an apple and sliced kiwi on it."
        }
    ],
    [
        {
            "image_id": 294954,
            "id": 47822,
            "caption": "A stopped train with several people standing around it."
        },
        {
            "image_id": 294954,
            "id": 48104,
            "caption": "Workers and visitors standing near a steam locomotive."
        },
        {
            "image_id": 294954,
            "id": 49844,
            "caption": "People standing next to an old fashioned locomotive."
        },
        {
            "image_id": 294954,
            "id": 50054,
            "caption": "Some people are standing around near a locomotive."
        },
        {
            "image_id": 294954,
            "id": 52031,
            "caption": "the front of the engine of a silver and black train"
        }
    ],
    [
        {
            "image_id": 32818,
            "id": 207544,
            "caption": "A concrete bench posed by a tree trunk on a beach."
        },
        {
            "image_id": 32818,
            "id": 214126,
            "caption": "Two people walking together on the shore of a beach."
        },
        {
            "image_id": 32818,
            "id": 217087,
            "caption": "Two benches on a sandy beach on a cloudy day."
        },
        {
            "image_id": 32818,
            "id": 220669,
            "caption": "A cement bench at a beach next to the ocean."
        },
        {
            "image_id": 32818,
            "id": 226786,
            "caption": "a couple of benches in front of a body of water."
        }
    ],
    [
        {
            "image_id": 131127,
            "id": 303273,
            "caption": "A man is filthy, holding bananas, while posing for the camera. "
        },
        {
            "image_id": 131127,
            "id": 303447,
            "caption": "A happy man holds up three bananas one of which is partially eaten."
        },
        {
            "image_id": 131127,
            "id": 303723,
            "caption": "Hot and dirty man with bananas in each hand."
        },
        {
            "image_id": 131127,
            "id": 310332,
            "caption": " a dirty man holding three bananas eating one of them"
        },
        {
            "image_id": 131127,
            "id": 310416,
            "caption": "A begrimed man smiles while holding three bananas"
        }
    ],
    [
        {
            "image_id": 327738,
            "id": 354859,
            "caption": "A group of green leaf wrapped things next to a pile of bananas."
        },
        {
            "image_id": 327738,
            "id": 357595,
            "caption": " A bunch of yellow bananas next to rolls of green plants and straw."
        },
        {
            "image_id": 327738,
            "id": 358294,
            "caption": "A bunch of bananas in front of plants."
        },
        {
            "image_id": 327738,
            "id": 358351,
            "caption": "Market with a large bunch of bananas turning from green to yellow."
        },
        {
            "image_id": 327738,
            "id": 368149,
            "caption": "Several vegetables are stacked together as well as clusters of bananas."
        }
    ],
    [
        {
            "image_id": 491581,
            "id": 240183,
            "caption": "A tennis player in midair action on a grass court."
        },
        {
            "image_id": 491581,
            "id": 242655,
            "caption": "the tennis player has hit the ball with his racket. "
        },
        {
            "image_id": 491581,
            "id": 250332,
            "caption": "A tennis player in mid-air after he returns a ball."
        },
        {
            "image_id": 491581,
            "id": 250569,
            "caption": "A tennis player hits the ball on a grass court."
        },
        {
            "image_id": 491581,
            "id": 260967,
            "caption": "A man is leaping to hit the tennis ball."
        }
    ],
    [
        {
            "image_id": 32829,
            "id": 662761,
            "caption": "She is on her way home after a long flight."
        },
        {
            "image_id": 32829,
            "id": 667867,
            "caption": "A woman with her suitcase is standing in an airport waiting area."
        },
        {
            "image_id": 32829,
            "id": 671158,
            "caption": "A woman pulls a suitcase on wheels on the ground."
        },
        {
            "image_id": 32829,
            "id": 675547,
            "caption": "A woman poses for a picture at the airport"
        },
        {
            "image_id": 32829,
            "id": 676501,
            "caption": "An older woman with a rolling suitcase standing in an airport."
        }
    ],
    [
        {
            "image_id": 393286,
            "id": 706244,
            "caption": "A partly peeled banana and an insulated bag on a table. "
        },
        {
            "image_id": 393286,
            "id": 708557,
            "caption": "A banana by a phone on a desk."
        },
        {
            "image_id": 393286,
            "id": 708899,
            "caption": "a banana has pushed through its peel on a desk"
        },
        {
            "image_id": 393286,
            "id": 709355,
            "caption": "A banana is partially peeled and there is a red bag on a wooden table."
        },
        {
            "image_id": 393286,
            "id": 713945,
            "caption": "A partially peeled banana sits near other items on a desk."
        }
    ],
    [
        {
            "image_id": 393297,
            "id": 768571,
            "caption": "A bunch of trays that have apples inside of them."
        },
        {
            "image_id": 393297,
            "id": 769495,
            "caption": "Apples sit in bushels, waiting for customers to buy them."
        },
        {
            "image_id": 393297,
            "id": 772885,
            "caption": "A large display of bushels of McIntosh apples for sale"
        },
        {
            "image_id": 393297,
            "id": 774013,
            "caption": "a couple of boxes with some fruit inside of it "
        },
        {
            "image_id": 393297,
            "id": 775585,
            "caption": "Several baskets filled with apples near a sign."
        }
    ],
    [
        {
            "image_id": 360535,
            "id": 120849,
            "caption": "A living room filled with furniture and flowers."
        },
        {
            "image_id": 360535,
            "id": 132603,
            "caption": "A living area with couches and other items"
        },
        {
            "image_id": 360535,
            "id": 141636,
            "caption": "A room with fresh flowers and food on the table."
        },
        {
            "image_id": 360535,
            "id": 141891,
            "caption": "A meal sits on the table of a large living room."
        },
        {
            "image_id": 360535,
            "id": 144090,
            "caption": "A furnished living room with sofas, rug, table and artificial plant arrangement."
        }
    ],
    [
        {
            "image_id": 163928,
            "id": 197640,
            "caption": "cats sitting on a bench by some plants and tall grass "
        },
        {
            "image_id": 163928,
            "id": 198465,
            "caption": "Two cats sitting on a bench outside in front of bushes."
        },
        {
            "image_id": 163928,
            "id": 200115,
            "caption": "Two cats on a wooden bench in the grass."
        },
        {
            "image_id": 163928,
            "id": 201729,
            "caption": "Two cats sitting on a bench in backyard."
        },
        {
            "image_id": 163928,
            "id": 213864,
            "caption": "two cats on a wooden bench in the sunlight"
        }
    ],
    [
        {
            "image_id": 163929,
            "id": 340604,
            "caption": "Two women sitting on a bench on an open boat."
        },
        {
            "image_id": 163929,
            "id": 342332,
            "caption": "two women laugh while taking a ride on a boat"
        },
        {
            "image_id": 163929,
            "id": 342869,
            "caption": "Two women smile as they hug on a tour boat."
        },
        {
            "image_id": 163929,
            "id": 343004,
            "caption": "two people seated closely together on a boat"
        },
        {
            "image_id": 163929,
            "id": 343223,
            "caption": "Two women sitting on a boat laughing with their feet up."
        }
    ],
    [
        {
            "image_id": 131172,
            "id": 805685,
            "caption": "A group of people are sitting on a bench outside."
        },
        {
            "image_id": 131172,
            "id": 807278,
            "caption": "A man sitting by a woman and girl who are on their cell phones."
        },
        {
            "image_id": 131172,
            "id": 808295,
            "caption": "A black and white photograph of people on a bench table."
        },
        {
            "image_id": 131172,
            "id": 809759,
            "caption": "A lot of people are sitting on the bench."
        },
        {
            "image_id": 131172,
            "id": 812174,
            "caption": "A man and his daughters sit on a bench."
        }
    ],
    [
        {
            "image_id": 458856,
            "id": 332290,
            "caption": "Golden, fall trees line the street of a lane of shops."
        },
        {
            "image_id": 458856,
            "id": 334909,
            "caption": "The trees on the sidewalk all have orange leaves."
        },
        {
            "image_id": 458856,
            "id": 336874,
            "caption": "Cars parked on a street during a sunny day."
        },
        {
            "image_id": 458856,
            "id": 337309,
            "caption": "The city is beautiful with the fall leaves in the trees."
        },
        {
            "image_id": 458856,
            "id": 340636,
            "caption": "A sunny day in autumn with lots of orange trees."
        }
    ],
    [
        {
            "image_id": 491628,
            "id": 34522,
            "caption": "four portable toilets in a trailer near a city street\n"
        },
        {
            "image_id": 491628,
            "id": 34690,
            "caption": "A group of portable toilets being transported. "
        },
        {
            "image_id": 491628,
            "id": 38788,
            "caption": "Portable toilets on wheels parked on a main street."
        },
        {
            "image_id": 491628,
            "id": 40861,
            "caption": "Four portable toilets on a cart that is movable."
        },
        {
            "image_id": 491628,
            "id": 41581,
            "caption": "A load of portable toilets on a trailer."
        }
    ],
    [
        {
            "image_id": 109,
            "id": 199218,
            "caption": "A skate park next to a body of water and green park."
        },
        {
            "image_id": 109,
            "id": 208458,
            "caption": "Sky view of a walkway along the shore of a river."
        },
        {
            "image_id": 109,
            "id": 210216,
            "caption": "A wide walkway allows for walks along the river."
        },
        {
            "image_id": 109,
            "id": 214800,
            "caption": "A waterfront walkway and garden area next to a river."
        },
        {
            "image_id": 109,
            "id": 219372,
            "caption": "some grass and a person in a blue shirt walking a dog and water"
        }
    ],
    [
        {
            "image_id": 524401,
            "id": 514922,
            "caption": "the boys holds the bat and the other boy holds the glove"
        },
        {
            "image_id": 524401,
            "id": 515420,
            "caption": "A young man is poised to bat a ball with umpires looking on. "
        },
        {
            "image_id": 524401,
            "id": 515876,
            "caption": "Boys in their uniforms playing a game of baseball."
        },
        {
            "image_id": 524401,
            "id": 516158,
            "caption": "A little league game with a boy up to bat."
        },
        {
            "image_id": 524401,
            "id": 516332,
            "caption": "Baseball player at bat while catcher and umpire await the pitch."
        }
    ],
    [
        {
            "image_id": 262260,
            "id": 115417,
            "caption": "A group of pigeons walking on stone ground near a park bench."
        },
        {
            "image_id": 262260,
            "id": 142486,
            "caption": "an image of a group of birds near the bench"
        },
        {
            "image_id": 262260,
            "id": 146704,
            "caption": "A group of pigeons walking around next to a group of benches."
        },
        {
            "image_id": 262260,
            "id": 179716,
            "caption": "a number of pigeons near some benches in the background"
        },
        {
            "image_id": 262260,
            "id": 188215,
            "caption": "A flock of birds are walking on a stone pavement near benches."
        }
    ],
    [
        {
            "image_id": 127,
            "id": 294738,
            "caption": "A piece of cake and coffee are on an outdoor table."
        },
        {
            "image_id": 127,
            "id": 296094,
            "caption": "Slice of cake next to large filled cup on wooden table."
        },
        {
            "image_id": 127,
            "id": 297819,
            "caption": "A dessert and a cup of coffee sit next to a book and a purse."
        },
        {
            "image_id": 127,
            "id": 299049,
            "caption": "A slice of cake and mug sitting on a wooden table outside."
        },
        {
            "image_id": 127,
            "id": 301668,
            "caption": "a close up of a slice of cake on a plate"
        }
    ],
    [
        {
            "image_id": 327807,
            "id": 151029,
            "caption": "A small group of people standing outside of a train next to  small shops selling fruit."
        },
        {
            "image_id": 327807,
            "id": 199221,
            "caption": "A woman in a dress standing next to a blue and white train."
        },
        {
            "image_id": 327807,
            "id": 219906,
            "caption": "A woman poses for a picture next to a train and a fruit stand."
        },
        {
            "image_id": 327807,
            "id": 223098,
            "caption": "Women and men walking along a blue passenger train on a stone walkway. near an outdoor food market."
        },
        {
            "image_id": 327807,
            "id": 226848,
            "caption": "A woman posing by a train with several small food stands nearby."
        }
    ],
    [
        {
            "image_id": 98434,
            "id": 97835,
            "caption": "This person is about to eat a banana."
        },
        {
            "image_id": 98434,
            "id": 98501,
            "caption": "A woman eating a banana from a plate of fruit. "
        },
        {
            "image_id": 98434,
            "id": 109274,
            "caption": "A girl smiles while eating a banana in its peel."
        },
        {
            "image_id": 98434,
            "id": 112151,
            "caption": "A plate of cut apple, a peeled banana and a girl with a nose ring"
        },
        {
            "image_id": 98434,
            "id": 116804,
            "caption": "A PERSON IS EATING A BANANA AND LOOKING WEIRD"
        }
    ],
    [
        {
            "image_id": 426118,
            "id": 179634,
            "caption": "A small airplane parked next to a man sitting on a bench."
        },
        {
            "image_id": 426118,
            "id": 195606,
            "caption": "A FAKE AIRPLANE IS ON THE GROUND BLUE AND WHITE "
        },
        {
            "image_id": 426118,
            "id": 199206,
            "caption": "Large motorized model plane parked beside air field."
        },
        {
            "image_id": 426118,
            "id": 208668,
            "caption": "A large toy aircraft is sitting outside in a field."
        },
        {
            "image_id": 426118,
            "id": 213282,
            "caption": "Purple, white and black model plane in a field."
        }
    ],
    [
        {
            "image_id": 131207,
            "id": 549333,
            "caption": "A couple of birds standing on top of  a wooden bench."
        },
        {
            "image_id": 131207,
            "id": 557889,
            "caption": "Pair of wild birds standing on dock at waterway area."
        },
        {
            "image_id": 131207,
            "id": 565686,
            "caption": "a couple of birds standing on a dock "
        },
        {
            "image_id": 131207,
            "id": 571248,
            "caption": "Two herons on a wharf facing each other and water in the background."
        },
        {
            "image_id": 131207,
            "id": 573738,
            "caption": "Two birds standing on a bench near the water "
        }
    ],
    [
        {
            "image_id": 295049,
            "id": 129490,
            "caption": "A picture of some fruit flavored snacks together."
        },
        {
            "image_id": 295049,
            "id": 135709,
            "caption": "a package of envelopes that are flavored like fruit"
        },
        {
            "image_id": 295049,
            "id": 136948,
            "caption": "A package of fruit flavored envelopes with apple, cherry, grape, orange, and strawberry."
        },
        {
            "image_id": 295049,
            "id": 138964,
            "caption": "A package of fruit flavored envelopes in 5 fruit flavors."
        },
        {
            "image_id": 295049,
            "id": 139888,
            "caption": "a close up of a box of flavored envelopes "
        }
    ],
    [
        {
            "image_id": 491659,
            "id": 109129,
            "caption": "A group of young children sharing a pizza and having drinks."
        },
        {
            "image_id": 491659,
            "id": 128722,
            "caption": "A bunch of chilled lounging on a patio"
        },
        {
            "image_id": 491659,
            "id": 136405,
            "caption": "A group of children on a patio share pizza."
        },
        {
            "image_id": 491659,
            "id": 143389,
            "caption": "a group of kids on a patio, some sitting on a swing and others standing "
        },
        {
            "image_id": 491659,
            "id": 150361,
            "caption": "Several children standing and sitting holding cups and eating pizza."
        }
    ],
    [
        {
            "image_id": 360589,
            "id": 803024,
            "caption": "a clear decorative vase is filled with colorful flowers"
        },
        {
            "image_id": 360589,
            "id": 803246,
            "caption": "a vase on a table with many flowers inside "
        },
        {
            "image_id": 360589,
            "id": 804617,
            "caption": "A vase of pretty flowers sit on an office desk."
        },
        {
            "image_id": 360589,
            "id": 807623,
            "caption": "A variety of flowers encased in a clear glass vase"
        },
        {
            "image_id": 360589,
            "id": 809153,
            "caption": "A group of flowers in a vase on a table."
        }
    ],
    [
        {
            "image_id": 142,
            "id": 99271,
            "caption": "Plate with a piece of bread, dark chocolate spread, bananas and a carton of Silk."
        },
        {
            "image_id": 142,
            "id": 101314,
            "caption": "A sliced banana topped dessert sits on a plate."
        },
        {
            "image_id": 142,
            "id": 101335,
            "caption": "There is a plate of banana and chocolate on bread"
        },
        {
            "image_id": 142,
            "id": 104971,
            "caption": "a close up of a plate of a jelly and banana sandwich"
        },
        {
            "image_id": 142,
            "id": 113167,
            "caption": "bread with banana milk and nutella on a table"
        }
    ],
    [
        {
            "image_id": 491664,
            "id": 662768,
            "caption": "A business-attired man leans against a marble counter-top to chat in front of a smiling black-haired woman."
        },
        {
            "image_id": 491664,
            "id": 663434,
            "caption": "Several people standing around a kitchen counter top."
        },
        {
            "image_id": 491664,
            "id": 665006,
            "caption": "A man and a women who are talking in a kitchen."
        },
        {
            "image_id": 491664,
            "id": 665762,
            "caption": "A man and a woman stand at a kitchen counter."
        },
        {
            "image_id": 491664,
            "id": 666830,
            "caption": "People standing around a counter in a kitchen. "
        }
    ],
    [
        {
            "image_id": 360595,
            "id": 345982,
            "caption": "A man with a skateboard is talking to a man in a hat."
        },
        {
            "image_id": 360595,
            "id": 346798,
            "caption": "A man with a skateboard talking to another man."
        },
        {
            "image_id": 360595,
            "id": 348034,
            "caption": "A skateboarder talks with another man at a park."
        },
        {
            "image_id": 360595,
            "id": 351904,
            "caption": "Two men are talking to each other while holding a skateboard."
        },
        {
            "image_id": 360595,
            "id": 352018,
            "caption": "A man standing next to another man with a skateboard."
        }
    ],
    [
        {
            "image_id": 524436,
            "id": 392572,
            "caption": "Black and white picture of guy and girl in an embrace on a park bench."
        },
        {
            "image_id": 524436,
            "id": 396754,
            "caption": "A romantic couple smooching on a park bench, traffic and pedestrians behind them."
        },
        {
            "image_id": 524436,
            "id": 397687,
            "caption": "A man kissing a woman while they sit on a bench on a sidewalk."
        },
        {
            "image_id": 524436,
            "id": 398821,
            "caption": "A man hugging a woman as they sit on a bench on the street with people walking behind them on the sidewalk."
        },
        {
            "image_id": 524436,
            "id": 400042,
            "caption": "A sitting on a bench and kissing woman on  the check as people pass by."
        }
    ],
    [
        {
            "image_id": 491684,
            "id": 165538,
            "caption": "A table topped with a plant and a bowl of fruit."
        },
        {
            "image_id": 491684,
            "id": 168658,
            "caption": "Green plant sitting in front of a bowl of oranges. "
        },
        {
            "image_id": 491684,
            "id": 175876,
            "caption": "Several houseplants on counter with bowl of fruit, by window.."
        },
        {
            "image_id": 491684,
            "id": 177151,
            "caption": "two glass vases on a table hold plant cuttings "
        },
        {
            "image_id": 491684,
            "id": 183565,
            "caption": "A variety of vases hold different kinds of plants."
        }
    ],
    [
        {
            "image_id": 196775,
            "id": 203595,
            "caption": "A parking meter sitting in a parking lot next to a table with chairs."
        },
        {
            "image_id": 196775,
            "id": 212133,
            "caption": "A solar powered parking meter with table and chairs in the background."
        },
        {
            "image_id": 196775,
            "id": 212247,
            "caption": "There is a pay here machine set up outside."
        },
        {
            "image_id": 196775,
            "id": 219798,
            "caption": "a solar powered atm in front of a bunch of table and chairs"
        },
        {
            "image_id": 196775,
            "id": 221766,
            "caption": "A gray and white solar powered parking machine."
        }
    ],
    [
        {
            "image_id": 458921,
            "id": 338435,
            "caption": "A wooden table topped with fruits of different kinds."
        },
        {
            "image_id": 458921,
            "id": 340514,
            "caption": "A table holding a basket of bananas, oranges and a large nut."
        },
        {
            "image_id": 458921,
            "id": 341570,
            "caption": "A bowl of bananas is next to a netted bag of oranges on a counter."
        },
        {
            "image_id": 458921,
            "id": 345542,
            "caption": "Oranges, bananas and fresh fruit on a table"
        },
        {
            "image_id": 458921,
            "id": 348386,
            "caption": "A bunch of bananas sits in a metal bowl."
        }
    ],
    [
        {
            "image_id": 98478,
            "id": 175223,
            "caption": "Three bananas with unique ripeness are aligned in a round fashion."
        },
        {
            "image_id": 98478,
            "id": 180500,
            "caption": "A white basket filled with ripe and unripe bananas."
        },
        {
            "image_id": 98478,
            "id": 184265,
            "caption": "Three banana in different stages of ripening, in circular arrangement in in light brown tone cloth woven basket."
        },
        {
            "image_id": 98478,
            "id": 196439,
            "caption": "there is a bowl with three bananas in them"
        },
        {
            "image_id": 98478,
            "id": 202049,
            "caption": "A basket with three bananas in various stages of ripeness."
        }
    ],
    [
        {
            "image_id": 426161,
            "id": 212884,
            "caption": "Several people and the handler are sitting atop an elephant."
        },
        {
            "image_id": 426161,
            "id": 215149,
            "caption": "many people are riding on an elephant and some other people are watching "
        },
        {
            "image_id": 426161,
            "id": 219667,
            "caption": "Men and children are sitting atop a large elephant."
        },
        {
            "image_id": 426161,
            "id": 224329,
            "caption": "A group of people riding on the back of an elephant."
        },
        {
            "image_id": 426161,
            "id": 225019,
            "caption": "People riding on a elephant and other people watching them ride."
        }
    ],
    [
        {
            "image_id": 32949,
            "id": 608351,
            "caption": "People are doing something at this time that is full. \n"
        },
        {
            "image_id": 32949,
            "id": 608501,
            "caption": "A lady pets a cat on a bench on the sidewalk"
        },
        {
            "image_id": 32949,
            "id": 612146,
            "caption": "a woman petting a black cat sitting on a bench "
        },
        {
            "image_id": 32949,
            "id": 614990,
            "caption": "A woman petting a black cat that is sitting on a bench.\n"
        },
        {
            "image_id": 32949,
            "id": 617006,
            "caption": "a black cat is sitting on a green bench"
        }
    ],
    [
        {
            "image_id": 458935,
            "id": 286145,
            "caption": "People at a table work on small green laptops."
        },
        {
            "image_id": 458935,
            "id": 287315,
            "caption": "A group of people sitting at tables working on laptops."
        },
        {
            "image_id": 458935,
            "id": 402818,
            "caption": "A man with a large bear wearing a brown hat."
        },
        {
            "image_id": 458935,
            "id": 403640,
            "caption": "A man with beard in blue shirt using a laptop at a table."
        },
        {
            "image_id": 458935,
            "id": 404885,
            "caption": "a person at a table with a small laptop"
        }
    ],
    [
        {
            "image_id": 32957,
            "id": 494661,
            "caption": "An old woman sits next to a large stuffed teddy bear on a bench. "
        },
        {
            "image_id": 32957,
            "id": 494916,
            "caption": "A woman on a bench near a teddy bear"
        },
        {
            "image_id": 32957,
            "id": 494994,
            "caption": "A woman looking to her left while on a bench by a teddy bear."
        },
        {
            "image_id": 32957,
            "id": 495183,
            "caption": "A woman sitting on a bench next to a giant teddy bear."
        },
        {
            "image_id": 32957,
            "id": 496359,
            "caption": "An old lady sitting on a bench with a big stuffed bear."
        }
    ],
    [
        {
            "image_id": 360637,
            "id": 572787,
            "caption": "There is a closed refrigerator and an one that is open."
        },
        {
            "image_id": 360637,
            "id": 576435,
            "caption": "Two pictures of the same fridge but in one the door is open and in the other the door is closed"
        },
        {
            "image_id": 360637,
            "id": 578610,
            "caption": "Two panels showing a the outside and inside of a refrigerator."
        },
        {
            "image_id": 360637,
            "id": 579246,
            "caption": "A side by side shot of a refrigerator closed and opened"
        },
        {
            "image_id": 360637,
            "id": 580053,
            "caption": "A refrigerator with some food in a room."
        }
    ],
    [
        {
            "image_id": 295105,
            "id": 264693,
            "caption": "The man is in his refrigerator looking for something to eat or drink"
        },
        {
            "image_id": 295105,
            "id": 268767,
            "caption": "A man in the kitchen looking in the refrigerator. "
        },
        {
            "image_id": 295105,
            "id": 269307,
            "caption": "A man looking in a refrigerator in a kitchen."
        },
        {
            "image_id": 295105,
            "id": 270153,
            "caption": "An old photo of a man standing in front of an open fridge"
        },
        {
            "image_id": 295105,
            "id": 270861,
            "caption": "A man standing in front of an open refrigerator."
        }
    ],
    [
        {
            "image_id": 262347,
            "id": 323779,
            "caption": "A metal bench between two white flowering bushes."
        },
        {
            "image_id": 262347,
            "id": 325807,
            "caption": "A garden containing white flowers and a black bench."
        },
        {
            "image_id": 262347,
            "id": 328231,
            "caption": "a bench sits inside of a garden with flowers "
        },
        {
            "image_id": 262347,
            "id": 329578,
            "caption": "There is a walkway lined with white flowers"
        },
        {
            "image_id": 262347,
            "id": 331189,
            "caption": "A gray mesh park bench sitting in a peaceful setting surrounded by flowers and plants."
        }
    ],
    [
        {
            "image_id": 98510,
            "id": 493510,
            "caption": "a man in the park attempting a skateboard jump"
        },
        {
            "image_id": 98510,
            "id": 496345,
            "caption": "A man riding a skateboard through the middle of a park."
        },
        {
            "image_id": 98510,
            "id": 501574,
            "caption": "A skateboarder attempting a trick in a park"
        },
        {
            "image_id": 98510,
            "id": 504394,
            "caption": "A man riding on a skateboard in a park."
        },
        {
            "image_id": 98510,
            "id": 505351,
            "caption": "A man is kick flipping his skateboard while mid air."
        }
    ],
    [
        {
            "image_id": 229583,
            "id": 84109,
            "caption": "some cars and a group of people in the snow"
        },
        {
            "image_id": 229583,
            "id": 85264,
            "caption": "A group of people in winter coats standing in the snow"
        },
        {
            "image_id": 229583,
            "id": 87037,
            "caption": "A group of people having a party on a beach."
        },
        {
            "image_id": 229583,
            "id": 88705,
            "caption": "People standing outside near a parking lot  with ski equipment around them."
        },
        {
            "image_id": 229583,
            "id": 88810,
            "caption": "Many people in the snow watching and waiting with snowboarding and skiing equipment."
        }
    ],
    [
        {
            "image_id": 524500,
            "id": 552508,
            "caption": "A display in a store filled with lots of different apples."
        },
        {
            "image_id": 524500,
            "id": 554227,
            "caption": "a selection of apples that include Golden Delicious, Red, and Fuji apples."
        },
        {
            "image_id": 524500,
            "id": 557854,
            "caption": "Variety of apples displayed in baskets on racks."
        },
        {
            "image_id": 524500,
            "id": 558970,
            "caption": "Shelves with apples having different colors in the store"
        },
        {
            "image_id": 524500,
            "id": 559858,
            "caption": "A fruit stand depicting six varieties of apples."
        }
    ],
    [
        {
            "image_id": 262360,
            "id": 671262,
            "caption": "A vase filled with flowers and water on top of a table."
        },
        {
            "image_id": 262360,
            "id": 674376,
            "caption": "Clear vase with pink roses in it on a wooden table."
        },
        {
            "image_id": 262360,
            "id": 676368,
            "caption": "Pink flowers sitting in a flower pot full of water. "
        },
        {
            "image_id": 262360,
            "id": 676404,
            "caption": "A vase of carnations on a table outside "
        },
        {
            "image_id": 262360,
            "id": 677172,
            "caption": "this clear vase has many pink flowers in it"
        }
    ],
    [
        {
            "image_id": 327896,
            "id": 7002,
            "caption": "Two benches are empty on a sunny day."
        },
        {
            "image_id": 327896,
            "id": 10323,
            "caption": "An empty park bench next to a grass covered hillside."
        },
        {
            "image_id": 327896,
            "id": 10956,
            "caption": "The shadow of a black bench in the sunshine. "
        },
        {
            "image_id": 327896,
            "id": 11487,
            "caption": "An empty metal bench on a city street."
        },
        {
            "image_id": 327896,
            "id": 22599,
            "caption": "Two empty benches along a sidewalk with trashcans in the background."
        }
    ],
    [
        {
            "image_id": 32997,
            "id": 728102,
            "caption": "A man on a motor bike transporting fresh green bananas."
        },
        {
            "image_id": 32997,
            "id": 728189,
            "caption": "A boy riding a scooter with a lot of banana's on each side."
        },
        {
            "image_id": 32997,
            "id": 729095,
            "caption": "A man carrying bunches of bananas on a motorbike."
        },
        {
            "image_id": 32997,
            "id": 734363,
            "caption": "Man on moped in developing country carrying bananas."
        },
        {
            "image_id": 32997,
            "id": 736859,
            "caption": "A man is riding a motorcycle with bunches of bananas."
        }
    ],
    [
        {
            "image_id": 458984,
            "id": 25264,
            "caption": "A table is nicely decorated with fruit, flowers and a golden goblet."
        },
        {
            "image_id": 458984,
            "id": 25870,
            "caption": "A still life is set up to allow someone to paint it"
        },
        {
            "image_id": 458984,
            "id": 26011,
            "caption": "Fruit, crackers and a muffin arranged on a small table with wine, flowers and a candle."
        },
        {
            "image_id": 458984,
            "id": 30979,
            "caption": "A table with food and a glass of wine."
        },
        {
            "image_id": 458984,
            "id": 31537,
            "caption": "Fruit, crackers and a muffin on a table with roses, a candle and a glass of wine"
        }
    ],
    [
        {
            "image_id": 524522,
            "id": 632158,
            "caption": "A batter and catcher on the mound position for a pitch in a baseball game."
        },
        {
            "image_id": 524522,
            "id": 633700,
            "caption": "The action at home plate during an organized baseball game."
        },
        {
            "image_id": 524522,
            "id": 637816,
            "caption": "A baseball player swinging his bat, with the catcher and umpire behind him."
        },
        {
            "image_id": 524522,
            "id": 642394,
            "caption": "A baseball player getting ready to hit a ball at a game."
        },
        {
            "image_id": 524522,
            "id": 645232,
            "caption": "A batter at a baseball game who is waiting to be pitched to."
        }
    ],
    [
        {
            "image_id": 196852,
            "id": 810228,
            "caption": "Two red benches sitting in front of windows."
        },
        {
            "image_id": 196852,
            "id": 810321,
            "caption": "A red bench next to a set of windows inside a building."
        },
        {
            "image_id": 196852,
            "id": 810333,
            "caption": "a couple of red benches are by the windows"
        },
        {
            "image_id": 196852,
            "id": 813735,
            "caption": "A pair of red and white benches on a stone floor."
        },
        {
            "image_id": 196852,
            "id": 814485,
            "caption": "Two red benches in a room with windows in it."
        }
    ],
    [
        {
            "image_id": 229622,
            "id": 808604,
            "caption": "Two baseball players holding bats standing in the dugout."
        },
        {
            "image_id": 229622,
            "id": 809660,
            "caption": "two baseball players stand in the dugout holding bats"
        },
        {
            "image_id": 229622,
            "id": 811295,
            "caption": "some baseball players in a dugout with bats and a fan"
        },
        {
            "image_id": 229622,
            "id": 817368,
            "caption": "two baseball players standing with bats near one another"
        },
        {
            "image_id": 229622,
            "id": 817392,
            "caption": "Two baseball players are standing in a dugout."
        }
    ],
    [
        {
            "image_id": 360695,
            "id": 792859,
            "caption": "Two wooden bins filled with fruits and vegetables."
        },
        {
            "image_id": 360695,
            "id": 792895,
            "caption": "a big thing of apples that are on a table"
        },
        {
            "image_id": 360695,
            "id": 794440,
            "caption": "A display of apples and tomatoes in their own crate."
        },
        {
            "image_id": 360695,
            "id": 795259,
            "caption": "Apples and tomatoes piled in boxes at a grocery store."
        },
        {
            "image_id": 360695,
            "id": 795850,
            "caption": "Various types of apples at a fruit market"
        }
    ],
    [
        {
            "image_id": 98554,
            "id": 567691,
            "caption": "some people standing around by a table and chairs "
        },
        {
            "image_id": 98554,
            "id": 569140,
            "caption": "A bunch of people standing together by a tennis court."
        },
        {
            "image_id": 98554,
            "id": 569806,
            "caption": "a group of people standing next to each other with tennis rackets"
        },
        {
            "image_id": 98554,
            "id": 569911,
            "caption": "a number of people standing near one another "
        },
        {
            "image_id": 98554,
            "id": 570889,
            "caption": "A group of people stands on the side of a tennis court. "
        }
    ],
    [
        {
            "image_id": 98560,
            "id": 219565,
            "caption": "A large brown and white dog sitting before a boy eating food."
        },
        {
            "image_id": 98560,
            "id": 234808,
            "caption": "A group of people and a dog sitting outside on benches."
        },
        {
            "image_id": 98560,
            "id": 234814,
            "caption": "A dog sitting and watch a child eat cake surrounded by adults sitting on a bench."
        },
        {
            "image_id": 98560,
            "id": 243463,
            "caption": "A white and brown dog sits in front of a young boy holding a plate with cake."
        },
        {
            "image_id": 98560,
            "id": 244351,
            "caption": "A boy eating cake with a dog begging in front of him"
        }
    ],
    [
        {
            "image_id": 360706,
            "id": 228329,
            "caption": "A green apple on a wooden cutting board next to peeler."
        },
        {
            "image_id": 360706,
            "id": 251876,
            "caption": "A peeled apple with peels sits on the cutting board with the peeler.  "
        },
        {
            "image_id": 360706,
            "id": 252104,
            "caption": "An apple, peeler, peel and seeds on a wooden cutting board.  "
        },
        {
            "image_id": 360706,
            "id": 256226,
            "caption": "A peeled apple is sitting on the cutting board with a peeler."
        },
        {
            "image_id": 360706,
            "id": 257993,
            "caption": "Cleaned apple sitting next to apple peel and peeler."
        }
    ],
    [
        {
            "image_id": 196870,
            "id": 498101,
            "caption": "THERE IS A ROOM WTHA A LOT OF STORAGE SPACE IN THERE "
        },
        {
            "image_id": 196870,
            "id": 503513,
            "caption": "Several open windows along a long wall inside a house."
        },
        {
            "image_id": 196870,
            "id": 505553,
            "caption": "A room filled with shelves that have words written on them. "
        },
        {
            "image_id": 196870,
            "id": 506558,
            "caption": "A room with cabinets is shown in dim lighting."
        },
        {
            "image_id": 196870,
            "id": 507959,
            "caption": "some writing on part of the walls next to a red bench "
        }
    ],
    [
        {
            "image_id": 393493,
            "id": 467305,
            "caption": "Little girl looking down at leaves with her bicycle with training wheels parked next to her."
        },
        {
            "image_id": 393493,
            "id": 470794,
            "caption": "A little girl in a red jumpsuit and sweater is near a red bike and red table."
        },
        {
            "image_id": 393493,
            "id": 473197,
            "caption": "A young child in a park next to a red bench and red bicycle that as training wheels."
        },
        {
            "image_id": 393493,
            "id": 474805,
            "caption": "A little girl standing next to a red bike near leaves."
        },
        {
            "image_id": 393493,
            "id": 819473,
            "caption": "Small child next to a picnic table and tricycle. "
        }
    ],
    [
        {
            "image_id": 164121,
            "id": 392526,
            "caption": "A kitchen with a cluttered counter and wooden cabinets"
        },
        {
            "image_id": 164121,
            "id": 392961,
            "caption": "The large kitchen has an island covered with things."
        },
        {
            "image_id": 164121,
            "id": 393423,
            "caption": "A kitchen has a refrigerator and a microwave."
        },
        {
            "image_id": 164121,
            "id": 395457,
            "caption": "a kitchen with a refrigerator a sink and cupboards"
        },
        {
            "image_id": 164121,
            "id": 396318,
            "caption": "A nicely decorated kitchen with black and white theme."
        }
    ],
    [
        {
            "image_id": 459037,
            "id": 523510,
            "caption": "A plate with oranges and apples on a table"
        },
        {
            "image_id": 459037,
            "id": 527656,
            "caption": "Two apples are sitting inside of a bowl."
        },
        {
            "image_id": 459037,
            "id": 536377,
            "caption": "a table with a few things of fruit in it"
        },
        {
            "image_id": 459037,
            "id": 536890,
            "caption": "Two apples and three tangerines are sitting on a plate "
        },
        {
            "image_id": 459037,
            "id": 537046,
            "caption": "A glass bowl that has apples and oranges."
        }
    ],
    [
        {
            "image_id": 426269,
            "id": 541516,
            "caption": "a male in a blue shirt is holding some carrot tops and bananas"
        },
        {
            "image_id": 426269,
            "id": 543292,
            "caption": "A man holding bananas and some green leaves"
        },
        {
            "image_id": 426269,
            "id": 547729,
            "caption": "Bearded man wearing blue teeshirt, holding bunch of non-ripe banannas in hand as well as what appears to be carrot tops on top of the banannas. "
        },
        {
            "image_id": 426269,
            "id": 549349,
            "caption": "A man holding a bunch of bananas in his right hand."
        },
        {
            "image_id": 426269,
            "id": 553078,
            "caption": "A man is holding bananas and vegetables with passion. "
        }
    ],
    [
        {
            "image_id": 65836,
            "id": 797867,
            "caption": "some fruit like strawberries sitting next to a container of milk "
        },
        {
            "image_id": 65836,
            "id": 798002,
            "caption": "Milk, strawberries and a banana sitting on a bench."
        },
        {
            "image_id": 65836,
            "id": 800303,
            "caption": "Some fruit in case and wrapping on a concrete"
        },
        {
            "image_id": 65836,
            "id": 800513,
            "caption": "some strawberries and a banana near a bird"
        },
        {
            "image_id": 65836,
            "id": 801989,
            "caption": "a banana peel next to a container of strawberries and milk"
        }
    ],
    [
        {
            "image_id": 131374,
            "id": 484901,
            "caption": "A bunch of people gathered together for a small party."
        },
        {
            "image_id": 131374,
            "id": 487850,
            "caption": "Friends having a BBQ on the beach under a cluster of sun umbrellas"
        },
        {
            "image_id": 131374,
            "id": 492203,
            "caption": "A large group has gathered around beach chairs and umbrellas."
        },
        {
            "image_id": 131374,
            "id": 495803,
            "caption": "People standing on a beach near a grill while others sit under umbrellas."
        },
        {
            "image_id": 131374,
            "id": 497021,
            "caption": "THERE ARE A LOT OF PEOPLE THAT ARE OUT AT THE BEACH "
        }
    ],
    [
        {
            "image_id": 557360,
            "id": 769751,
            "caption": "Some bunches of red bananas on a stalk."
        },
        {
            "image_id": 557360,
            "id": 770435,
            "caption": "A tree with a bunch of red bananas next to lots of leaves."
        },
        {
            "image_id": 557360,
            "id": 771134,
            "caption": "Platanos growing on tree with much green behind"
        },
        {
            "image_id": 557360,
            "id": 771932,
            "caption": "Branch of tree with something growing on it."
        },
        {
            "image_id": 557360,
            "id": 772853,
            "caption": "A small red plant similar to a banana plant."
        }
    ],
    [
        {
            "image_id": 164153,
            "id": 810194,
            "caption": "a bench is sitting in the sand by the beach"
        },
        {
            "image_id": 164153,
            "id": 810206,
            "caption": "a lone bench sits on a beach "
        },
        {
            "image_id": 164153,
            "id": 811748,
            "caption": "a green bench on the sand and some water "
        },
        {
            "image_id": 164153,
            "id": 812441,
            "caption": "Empty bench on an unoccupied, wide and long, beach."
        },
        {
            "image_id": 164153,
            "id": 813107,
            "caption": "The single green bench is on the beach next to the ocean. "
        }
    ],
    [
        {
            "image_id": 360762,
            "id": 252276,
            "caption": "A basket with a stuffed teddy bear hangs outside."
        },
        {
            "image_id": 360762,
            "id": 254709,
            "caption": "A teddy bear in a basket next to a small soccer ball."
        },
        {
            "image_id": 360762,
            "id": 259287,
            "caption": "A teddy bear with a ball hanging in a basket."
        },
        {
            "image_id": 360762,
            "id": 265074,
            "caption": "A teddy bear is stuffed in a basket that hangs on a rail. "
        },
        {
            "image_id": 360762,
            "id": 268644,
            "caption": "A stuffed animal teddy bear in a basket."
        }
    ],
    [
        {
            "image_id": 65859,
            "id": 753850,
            "caption": "A couple of bikes that are on the side of a train."
        },
        {
            "image_id": 65859,
            "id": 755986,
            "caption": "A train stopped near a sidewalk with trees and bicycle parking."
        },
        {
            "image_id": 65859,
            "id": 762935,
            "caption": "A VERY LARGE DOUBLE DECKER TRAIN IS ON THE LEFT"
        },
        {
            "image_id": 65859,
            "id": 763952,
            "caption": "There is a train, bus, and bikes in the scene"
        },
        {
            "image_id": 65859,
            "id": 764780,
            "caption": "An exterior view with a double height train on the left, several bicycles parked in the middle and a bus on the right."
        }
    ],
    [
        {
            "image_id": 491844,
            "id": 179641,
            "caption": "A red apple and a clock on display."
        },
        {
            "image_id": 491844,
            "id": 182566,
            "caption": "An apple is underneath a six on a clock."
        },
        {
            "image_id": 491844,
            "id": 183877,
            "caption": "A red apple is floating underneath a plain-looking clock."
        },
        {
            "image_id": 491844,
            "id": 184105,
            "caption": "An apple lays at the base of a clock."
        },
        {
            "image_id": 491844,
            "id": 186535,
            "caption": "Strange picture with a phrase, an apple, and some type of clock"
        }
    ],
    [
        {
            "image_id": 328,
            "id": 262887,
            "caption": "Three men in military suits are sitting on a bench,"
        },
        {
            "image_id": 328,
            "id": 265338,
            "caption": "Three persons with military attire seated on a bench"
        },
        {
            "image_id": 328,
            "id": 265653,
            "caption": "Three young men in decorated uniforms sit on a bench together."
        },
        {
            "image_id": 328,
            "id": 269073,
            "caption": "a few guys sit next to each other on a bench "
        },
        {
            "image_id": 328,
            "id": 270669,
            "caption": "Three young men sitting on a bench wearing dress formals."
        }
    ],
    [
        {
            "image_id": 328008,
            "id": 335027,
            "caption": "A happy man on a bus with other passangers."
        },
        {
            "image_id": 328008,
            "id": 336062,
            "caption": "Male passengers, two Asian, smile on a bus ride."
        },
        {
            "image_id": 328008,
            "id": 340487,
            "caption": "Two men smiling while riding in a bus."
        },
        {
            "image_id": 328008,
            "id": 348191,
            "caption": "A group of men sitting on a bus next to each other."
        },
        {
            "image_id": 328008,
            "id": 348623,
            "caption": "a man on a bus and a man looking over his shoulder both smiling"
        }
    ],
    [
        {
            "image_id": 459084,
            "id": 168609,
            "caption": "A dog that is holding something in their mouth."
        },
        {
            "image_id": 459084,
            "id": 176862,
            "caption": "A dog carries a tennis ball in it's mouth."
        },
        {
            "image_id": 459084,
            "id": 179982,
            "caption": "A dog with a green apple in it's mouth."
        },
        {
            "image_id": 459084,
            "id": 180288,
            "caption": "A dog bringing a green apple in its mouth"
        },
        {
            "image_id": 459084,
            "id": 198078,
            "caption": "Brown dog holding a green apple in its mouth outdoors. "
        }
    ],
    [
        {
            "image_id": 426318,
            "id": 813279,
            "caption": "A man asleep against his luggage on top of bench."
        },
        {
            "image_id": 426318,
            "id": 813642,
            "caption": "A man resting on a park bench with his foot up."
        },
        {
            "image_id": 426318,
            "id": 815423,
            "caption": "An old man is sitting on a bench."
        },
        {
            "image_id": 426318,
            "id": 815426,
            "caption": "A man with a coat and hood on, sitting on a park bench and leaning on a bag."
        },
        {
            "image_id": 426318,
            "id": 816271,
            "caption": "A man sitting on a bench while leaning on his bag and one foot rested on a cement block. "
        }
    ],
    [
        {
            "image_id": 98641,
            "id": 1728,
            "caption": "A large group of people in a hotel lobby working on their laptops."
        },
        {
            "image_id": 98641,
            "id": 3987,
            "caption": "multiple people waiting on benches typing on laptops"
        },
        {
            "image_id": 98641,
            "id": 3990,
            "caption": "A group of people in public using their laptops."
        },
        {
            "image_id": 98641,
            "id": 4158,
            "caption": "people sitting on a bench using their laptops. "
        },
        {
            "image_id": 98641,
            "id": 4170,
            "caption": "A bunch of people using laptops in a building."
        }
    ],
    [
        {
            "image_id": 524628,
            "id": 79579,
            "caption": "2 dogs are leashed are relaxing on a big bench, leashed together. "
        },
        {
            "image_id": 524628,
            "id": 79729,
            "caption": "Two dogs sitting on a bench in a city park."
        },
        {
            "image_id": 524628,
            "id": 80893,
            "caption": "two white dogs with leashes sitting on a bench"
        },
        {
            "image_id": 524628,
            "id": 82570,
            "caption": "Two dogs sit perched on a park bench."
        },
        {
            "image_id": 524628,
            "id": 83218,
            "caption": "Two white dogs on a leash sitting on top of a wooden park bench."
        }
    ],
    [
        {
            "image_id": 65880,
            "id": 6727,
            "caption": "Major League Baseball players practice throwing on the field between innings."
        },
        {
            "image_id": 65880,
            "id": 7687,
            "caption": "Baseball players playing a game of baseball in front of fans."
        },
        {
            "image_id": 65880,
            "id": 9424,
            "caption": "Professional baseball players are in the infield warming up."
        },
        {
            "image_id": 65880,
            "id": 10846,
            "caption": "Professional baseball players toss balls on the field."
        },
        {
            "image_id": 65880,
            "id": 11851,
            "caption": "Three men playing baseball in a stadium. "
        }
    ],
    [
        {
            "image_id": 65883,
            "id": 71979,
            "caption": "A young boy getting ready to blow out candles for his birthday."
        },
        {
            "image_id": 65883,
            "id": 74547,
            "caption": "A little boy wearing a bright orange shirt prepares to blow out the candles on his birthday cake."
        },
        {
            "image_id": 65883,
            "id": 76035,
            "caption": "A boy and a birthday cake with lit candles."
        },
        {
            "image_id": 65883,
            "id": 76503,
            "caption": "A young boy sitting in front of a birthday cake with lit candles."
        },
        {
            "image_id": 65883,
            "id": 78402,
            "caption": "A child is in front of a birthday cake with candles."
        }
    ],
    [
        {
            "image_id": 33116,
            "id": 461717,
            "caption": "Man playing tennis in motion with crowd and tennis court"
        },
        {
            "image_id": 33116,
            "id": 461894,
            "caption": "A man swinging a tennis racquet on a court."
        },
        {
            "image_id": 33116,
            "id": 465434,
            "caption": "A professional tennis player swinging at a tennis ball."
        },
        {
            "image_id": 33116,
            "id": 467975,
            "caption": "TENNIS COURT WITH SPECTATORS WATCHING ON THE SIDELINES"
        },
        {
            "image_id": 33116,
            "id": 468929,
            "caption": "a man with a racket reaches to hit a tennis ball "
        }
    ],
    [
        {
            "image_id": 98658,
            "id": 21732,
            "caption": "Banana bunches are shown on top of a truck."
        },
        {
            "image_id": 98658,
            "id": 22959,
            "caption": "A man transporting bananas in his pickup truck."
        },
        {
            "image_id": 98658,
            "id": 23256,
            "caption": "A load of bananas is being moved in truck."
        },
        {
            "image_id": 98658,
            "id": 26796,
            "caption": "a person driving a car with a bundle of bananas on top"
        },
        {
            "image_id": 98658,
            "id": 27627,
            "caption": "A man driving a truck with hundreds of bananas on top of it."
        }
    ],
    [
        {
            "image_id": 295270,
            "id": 703917,
            "caption": "A white and brown bench sitting on a sidewalk."
        },
        {
            "image_id": 295270,
            "id": 707139,
            "caption": "A two toned bench sitting in front of grass and bushes. "
        },
        {
            "image_id": 295270,
            "id": 708726,
            "caption": "A bench that is placed by some bushes."
        },
        {
            "image_id": 295270,
            "id": 709365,
            "caption": "there is a white and gray bench on the rocky road"
        },
        {
            "image_id": 295270,
            "id": 710514,
            "caption": "The bench next to the building has wooden planks and a metal frame. "
        }
    ],
    [
        {
            "image_id": 524649,
            "id": 606717,
            "caption": "A little girl is raiding the refrigerator for something."
        },
        {
            "image_id": 524649,
            "id": 607764,
            "caption": "A little girl grabbing hot sauce out of a refrigerator."
        },
        {
            "image_id": 524649,
            "id": 608910,
            "caption": "An individual is doing something without whatever available individual present and interesting. \n"
        },
        {
            "image_id": 524649,
            "id": 613545,
            "caption": "A young girl who is looking in the refrigerator."
        },
        {
            "image_id": 524649,
            "id": 616323,
            "caption": "A young girl opening a fridge and holding a bottle"
        }
    ],
    [
        {
            "image_id": 196974,
            "id": 707836,
            "caption": "A table topped with plates of food and covered in fruit."
        },
        {
            "image_id": 196974,
            "id": 708574,
            "caption": "A plate full of dessert with almonds in the background."
        },
        {
            "image_id": 196974,
            "id": 708577,
            "caption": "Dessert items on plates with other foods displayed nearby."
        },
        {
            "image_id": 196974,
            "id": 717448,
            "caption": "A blueberry crumb cake on a plate laying next to some almonds."
        },
        {
            "image_id": 196974,
            "id": 720067,
            "caption": "A piece of melted cheesecake with graham crackers."
        }
    ],
    [
        {
            "image_id": 491888,
            "id": 401431,
            "caption": "A table is set with  a bowl of fruit."
        },
        {
            "image_id": 491888,
            "id": 513247,
            "caption": "a breakfast table setting for one with pastry, fruit, juice, and coffee"
        },
        {
            "image_id": 491888,
            "id": 514150,
            "caption": "a table with a cloth on it has a meal and drinks on it"
        },
        {
            "image_id": 491888,
            "id": 515200,
            "caption": "a table with some food and beverages on it "
        },
        {
            "image_id": 491888,
            "id": 519760,
            "caption": "a well arranged table and a flower in a glass vase"
        }
    ],
    [
        {
            "image_id": 360818,
            "id": 711280,
            "caption": "A boy is laying on a bench in a park."
        },
        {
            "image_id": 360818,
            "id": 711583,
            "caption": "The young boy is looking intently into the camera."
        },
        {
            "image_id": 360818,
            "id": 715591,
            "caption": "a boy sitting on a bench at the park"
        },
        {
            "image_id": 360818,
            "id": 715723,
            "caption": "A little boy is lying on a bench in a park."
        },
        {
            "image_id": 360818,
            "id": 717706,
            "caption": "A young boy laying on top of a bench next to a tree."
        }
    ],
    [
        {
            "image_id": 98674,
            "id": 436947,
            "caption": "A bird is standing on the small branch outside. "
        },
        {
            "image_id": 98674,
            "id": 439128,
            "caption": "A bird sits on top of branches with fruit."
        },
        {
            "image_id": 98674,
            "id": 439620,
            "caption": "a bird stands on a branch next to some fruit "
        },
        {
            "image_id": 98674,
            "id": 440151,
            "caption": "A red, white and black bird in tree with fruit on it."
        },
        {
            "image_id": 98674,
            "id": 440505,
            "caption": "Small black bird with red on its head standing on a tree branch. "
        }
    ],
    [
        {
            "image_id": 524662,
            "id": 689657,
            "caption": "A pile of carrots and fruit sitting in a  box."
        },
        {
            "image_id": 524662,
            "id": 691613,
            "caption": "The box pictured contains fresh fruits and vegetables."
        },
        {
            "image_id": 524662,
            "id": 694478,
            "caption": "Many fruits and vegetables are together in a container."
        },
        {
            "image_id": 524662,
            "id": 695522,
            "caption": "A box filled with different types of fruits and vegetables."
        },
        {
            "image_id": 524662,
            "id": 696824,
            "caption": "there are many vegetables that are in a box"
        }
    ],
    [
        {
            "image_id": 491902,
            "id": 697288,
            "caption": "Several people are seen sitting around and smoking."
        },
        {
            "image_id": 491902,
            "id": 699796,
            "caption": "a coupe of people are sitting outside on a bench"
        },
        {
            "image_id": 491902,
            "id": 701335,
            "caption": "A man walking down the street with a cane while others sit on a bench."
        },
        {
            "image_id": 491902,
            "id": 702010,
            "caption": "a group of people that are smoking on a bench"
        },
        {
            "image_id": 491902,
            "id": 704452,
            "caption": "A brick ally way with an old wooden bench with people sitting and smoking on it.  "
        }
    ],
    [
        {
            "image_id": 295294,
            "id": 289675,
            "caption": "A pile or lemons sitting next to a pile of apples."
        },
        {
            "image_id": 295294,
            "id": 294121,
            "caption": "apples and oranges next to each other "
        },
        {
            "image_id": 295294,
            "id": 295243,
            "caption": "The apples are far more red than the oranges which are not red."
        },
        {
            "image_id": 295294,
            "id": 299506,
            "caption": "A pile of oranges stacked next to a pile of plums."
        },
        {
            "image_id": 295294,
            "id": 300034,
            "caption": "A box of oranges and a box of apples."
        }
    ],
    [
        {
            "image_id": 459136,
            "id": 337427,
            "caption": "A steel bench sitting next to a wall."
        },
        {
            "image_id": 459136,
            "id": 341009,
            "caption": "A silver bench has a sign above it."
        },
        {
            "image_id": 459136,
            "id": 342092,
            "caption": "A metal bench against a wall with a sign on it"
        },
        {
            "image_id": 459136,
            "id": 342737,
            "caption": "The metal bench is underneath a sign showing directions."
        },
        {
            "image_id": 459136,
            "id": 343580,
            "caption": "An empty bench at a transportation station, train or airport setting."
        }
    ],
    [
        {
            "image_id": 524672,
            "id": 129812,
            "caption": "A picture of a scene in a baseball game."
        },
        {
            "image_id": 524672,
            "id": 133691,
            "caption": "A baseball player holding a bat during a game."
        },
        {
            "image_id": 524672,
            "id": 137930,
            "caption": "A baseball player is at the ready with his bat."
        },
        {
            "image_id": 524672,
            "id": 138803,
            "caption": "A batter waits for a pitch at a professional baseball game. "
        },
        {
            "image_id": 524672,
            "id": 139880,
            "caption": "A BASE BALL PLAYER IS HOLDING A BASE BALL BAT "
        }
    ],
    [
        {
            "image_id": 491910,
            "id": 470947,
            "caption": "TWO MOUNTED POLICE ON HORSES, ONE OF THEM SMILING"
        },
        {
            "image_id": 491910,
            "id": 477814,
            "caption": "Two park policemen on top of horses in a park. "
        },
        {
            "image_id": 491910,
            "id": 480841,
            "caption": "Some police officers on horses in the road."
        },
        {
            "image_id": 491910,
            "id": 481981,
            "caption": "Park police sit side by side on their horses with a person nearby."
        },
        {
            "image_id": 491910,
            "id": 818454,
            "caption": "Two policemen are riding on horses which are standing still. "
        }
    ],
    [
        {
            "image_id": 393607,
            "id": 627318,
            "caption": "A picture of a child's playground after dark."
        },
        {
            "image_id": 393607,
            "id": 628545,
            "caption": "The night sky shows a child's playground and night lights."
        },
        {
            "image_id": 393607,
            "id": 631077,
            "caption": "A playground in the dark illuminated only by street lamps."
        },
        {
            "image_id": 393607,
            "id": 632475,
            "caption": "A playground at night next to street lights."
        },
        {
            "image_id": 393607,
            "id": 634014,
            "caption": "Night time photo of small urban park with slides."
        }
    ],
    [
        {
            "image_id": 98707,
            "id": 406059,
            "caption": "A bunch of green bananas growing in a tree."
        },
        {
            "image_id": 98707,
            "id": 406317,
            "caption": "A banana tree that has bananas and a plant on it. "
        },
        {
            "image_id": 98707,
            "id": 409641,
            "caption": "A bushel of green bananas is hanging in a tree."
        },
        {
            "image_id": 98707,
            "id": 414642,
            "caption": "Big bunches of green bananas are cascading from the top of the tree. "
        },
        {
            "image_id": 98707,
            "id": 419883,
            "caption": "Some Green bananas are growing in a tree"
        }
    ],
    [
        {
            "image_id": 557467,
            "id": 199044,
            "caption": "A person walking down a rain soaked street."
        },
        {
            "image_id": 557467,
            "id": 210096,
            "caption": "We are looking at a single colorful umbrella in an otherwise black and white photo."
        },
        {
            "image_id": 557467,
            "id": 211032,
            "caption": "A woman has a bright umbrella walking past benches."
        },
        {
            "image_id": 557467,
            "id": 218127,
            "caption": "A person with a multi-colored umbrella walking among a black and white scene."
        },
        {
            "image_id": 557467,
            "id": 225306,
            "caption": "A man walking down a busy bench-lined street on a rainy day carrying a colorful umbrella."
        }
    ],
    [
        {
            "image_id": 393630,
            "id": 180272,
            "caption": "A group of people sitting on a bench next to a lake."
        },
        {
            "image_id": 393630,
            "id": 187745,
            "caption": "Three people sitting on a bench admiring the water."
        },
        {
            "image_id": 393630,
            "id": 192416,
            "caption": "Three people sitting on a bench looking out at a river."
        },
        {
            "image_id": 393630,
            "id": 192737,
            "caption": "Three people are sitting on a bench in front of a lake."
        },
        {
            "image_id": 393630,
            "id": 197288,
            "caption": "A group of three people sitting on a bench overlooking water."
        }
    ]
]